0.05,1.429,0.758,0.715,1.017,1.383,1.153,2.175,1.31,0.9,1.059,1.806,2.121,1.352,1.011,0.7,2.412,1.813,2.289,1.001,1.356,1.087,1.57,1.196,2.798,1.55,2.611,1.151,2.078,0.802,1.018,1.028,2.018,0.782,1.391,1.373,1.272,1.562,1.087,0.613,0.921,1.003,0.626,2.046,0.762,1.496,1.697,1.098,1.212,0.956,0.96,2.692,1.961,0.776,1.781,0.45,1.698,1.104,0.753,0.909,1.211,0.6,1.098,1.394,0.977,1.388,0.818,0.361,0.853,1.654,1.619,0.86,0.794,1,1.157,1.713,0.959,1.513,0.756,0.882,1.052,1.979,1.895,1.141,1.806,1.836,0.616,0.797,1.036,0.783,0.661,2.153,0.74,1.268,1.267,1.091,1.166,1.062,2.234,0.845,1.006,
0.1,0.192,0.196,0.712,0.245,0.177,0.311,0.327,0.274,0.256,0.619,0.514,0.195,0.614,0.245,0.447,0.452,0.635,0.373,0.159,1.805,0.473,0.387,0.133,0.835,0.377,0.669,0.507,0.259,0.503,0.195,0.513,0.545,0.302,0.529,0.378,0.306,0.262,0.436,0.31,0.2,0.388,2.855,0.28,0.39,0.203,0.202,0.485,0.456,0.304,0.284,0.192,0.601,0.424,0.382,0.248,0.193,0.279,0.24,0.601,0.182,0.133,0.476,0.31,0.255,0.244,1.382,0.31,0.701,0.619,0.146,0.23,0.173,0.224,0.375,0.277,0.262,0.33,0.888,0.171,0.692,1.08,0.389,0.239,0.328,0.731,0.633,0.308,0.396,0.272,0.38,0.447,0.407,0.244,0.19,0.311,0.144,0.339,0.138,0.582,0.233,
0.15,0.204,0.829,0.241,0.157,0.229,0.313,1.17,0.079,0.194,0.325,0.099,0.21,0.159,0.19,0.249,0.124,0.403,0.233,0.182,0.198,0.346,0.237,0.161,0.305,0.205,0.133,0.444,0.306,0.339,0.161,0.245,0.263,0.481,0.197,0.141,0.254,0.317,0.482,0.111,0.565,0.259,0.169,0.5,0.113,0.233,0.12,0.266,0.138,0.267,0.154,0.243,0.152,0.382,0.178,0.135,0.214,0.239,0.249,0.255,0.112,0.507,0.149,0.306,0.17,0.207,0.106,0.344,0.337,0.37,0.152,0.366,0.383,0.301,0.113,0.48,0.178,0.137,0.196,0.124,0.315,0.272,0.387,0.466,0.136,0.436,0.143,0.236,0.245,0.478,0.184,0.326,0.483,0.218,0.257,0.486,0.235,0.524,0.38,0.311,0.154,
0.2,0.257,0.137,0.256,0.227,0.104,0.284,0.089,0.151,0.09,0.336,0.115,0.125,0.29,0.09,0.145,0.246,0.121,0.095,0.097,0.239,0.135,0.306,0.295,0.119,0.136,0.109,0.179,0.317,0.202,0.153,0.115,0.102,0.187,0.134,0.197,0.107,0.378,0.794,0.311,0.173,0.049,0.118,0.108,0.128,0.056,0.128,0.265,0.119,0.113,0.185,0.22,0.099,0.142,0.161,0.082,0.394,0.263,0.07,0.086,0.153,0.243,0.113,0.115,0.192,0.48,0.215,0.257,0.194,0.155,0.091,0.128,0.153,0.109,0.255,0.485,0.263,0.092,0.145,0.285,0.344,0.224,0.169,0.107,0.415,0.16,0.277,0.074,0.07,0.562,0.155,0.31,0.672,0.076,0.099,0.143,0.256,0.227,0.142,0.253,0.156,
0.25,0.169,0.21,0.166,0.237,0.138,0.065,0.27,0.101,0.073,0.113,0.066,0.617,0.204,0.168,0.279,0.113,0.136,0.082,0.108,0.096,0.071,0.066,0.274,0.194,0.171,0.116,0.187,0.334,0.511,0.371,0.056,0.064,0.237,0.142,0.055,0.227,0.293,0.393,0.159,0.119,0.236,0.363,0.211,0.136,0.075,0.183,0.185,0.136,0.236,0.198,0.141,0.146,0.153,0.103,0.075,0.174,0.122,0.084,0.182,0.211,0.044,0.117,0.204,0.14,0.124,0.237,0.163,0.167,0.234,0.065,0.133,0.092,0.274,0.161,0.225,0.074,0.1,0.198,0.171,0.097,0.133,0.135,0.086,0.064,0.288,0.077,0.046,0.184,0.146,0.058,0.083,0.12,0.086,0.07,0.08,0.191,0.169,0.14,0.115,0.161,
0.3,0.042,0.082,0.195,0.107,0.135,0.061,0.122,0.033,0.177,0.197,0.109,0.114,0.141,0.105,0.125,0.066,0.152,0.061,0.122,0.184,0.063,0.173,0.124,0.068,0.076,0.264,0.077,0.147,0.413,0.156,0.192,0.13,0.108,0.187,0.085,0.087,0.384,0.112,0.087,0.036,0.128,0.187,0.131,0.104,0.082,0.051,0.109,0.127,0.245,0.05,0.151,0.221,0.202,0.129,0.084,0.134,0.083,0.068,0.073,0.175,0.114,0.088,0.192,0.088,0.04,0.067,0.114,0.175,0.062,0.33,0.062,0.078,0.089,0.09,0.202,0.089,0.07,0.117,0.145,0.05,0.204,0.071,0.148,0.091,0.144,0.048,0.195,0.392,0.162,0.191,0.507,0.127,0.04,0.066,0.062,0.166,0.085,0.555,0.232,0.052,
0.35,0.058,0.218,0.051,0.058,0.111,0.064,0.199,0.119,0.162,0.11,0.063,0.072,0.227,0.077,0.094,0.534,0.161,0.07,0.112,0.094,0.052,0.106,0.29,0.046,0.079,0.081,0.077,0.121,0.1,0.198,0.265,0.199,0.062,0.062,0.048,0.049,0.176,0.061,0.075,0.122,0.086,0.053,0.161,0.114,0.058,0.058,0.05,0.058,0.056,0.18,0.064,0.07,0.095,0.099,0.146,0.14,0.078,0.245,0.209,0.107,0.069,0.115,0.209,0.118,0.101,0.06,0.119,0.12,0.159,0.104,0.103,0.066,0.134,0.049,0.092,0.062,0.078,0.095,0.071,0.125,0.162,0.175,0.112,0.196,0.123,0.27,0.047,0.121,0.152,0.07,0.235,0.033,0.162,0.06,0.148,0.276,0.113,0.109,0.104,0.174,
0.4,0.328,0.146,0.166,0.047,0.044,0.047,0.437,0.091,0.05,0.13,0.052,0.152,0.114,0.263,0.094,0.121,0.04,0.041,0.072,0.048,0.105,0.061,0.194,0.087,0.1,0.049,0.085,0.105,0.089,0.057,0.169,0.066,0.068,0.09,0.06,0.084,0.069,0.059,0.058,0.244,0.038,0.27,0.313,0.098,0.174,0.346,0.136,0.582,0.149,0.037,0.098,0.076,0.081,0.076,0.189,0.073,0.037,0.093,0.109,0.118,0.145,0.081,0.056,0.235,0.072,0.031,0.056,0.043,0.227,0.099,0.1,0.25,0.08,0.154,0.148,0.09,0.121,0.08,0.071,0.04,0.123,0.121,0.03,0.198,0.124,0.089,0.074,0.087,0.07,0.06,0.127,0.083,0.031,0.077,0.064,0.044,0.04,0.067,0.222,0.144,
0.45,0.129,0.06,0.054,0.164,0.103,0.071,0.034,0.057,0.096,0.045,0.056,0.172,0.069,0.045,0.129,0.149,0.042,0.086,0.07,0.074,0.099,0.034,0.059,0.251,0.33,0.073,0.044,0.086,0.076,0.05,0.051,0.153,0.124,0.109,0.061,0.114,0.136,0.237,0.055,0.048,0.333,0.066,0.063,0.163,0.083,0.038,0.058,0.106,0.08,0.115,0.156,0.229,0.101,0.183,0.091,0.053,0.046,0.056,0.166,0.134,0.049,0.064,0.074,0.047,0.047,0.119,0.061,0.067,0.109,0.068,0.036,0.077,0.051,0.055,0.095,0.312,0.065,0.033,0.082,0.048,0.031,0.084,0.074,0.031,0.054,0.061,0.191,0.041,0.084,0.116,0.099,0.253,0.06,0.119,0.085,0.093,0.034,0.066,0.028,0.053,
0.5,0.145,0.092,0.063,0.122,0.193,0.118,0.071,0.101,0.087,0.092,0.092,0.104,0.051,0.059,0.07,0.056,0.166,0.046,0.164,0.046,0.048,0.043,0.14,0.088,0.078,0.066,0.083,0.058,0.129,0.061,0.108,0.534,0.122,0.089,0.121,0.054,0.374,0.081,0.049,0.103,0.08,0.198,0.073,0.104,0.069,0.046,0.101,0.039,0.03,0.122,0.072,0.09,0.066,0.119,0.118,0.073,0.095,0.089,0.076,0.08,0.149,0.054,0.11,0.069,0.06,0.079,0.099,0.033,0.113,0.081,0.124,0.09,0.076,0.112,0.043,0.25,0.115,0.066,0.222,0.075,0.059,0.1,0.099,0.137,0.202,0.096,0.063,0.109,0.035,0.061,0.085,0.079,0.102,0.061,0.118,0.055,0.268,0.079,0.06,0.078,
0.55,0.124,0.091,0.136,0.192,0.159,0.183,0.04,0.047,0.054,0.124,0.182,0.349,0.09,0.139,0.067,0.059,0.036,0.071,0.075,0.068,0.148,0.106,0.142,0.09,0.096,0.044,0.117,0.047,0.313,0.046,0.046,0.1,0.085,0.188,0.145,0.112,0.08,0.092,0.072,0.05,0.048,0.102,0.14,0.108,0.105,0.295,0.147,0.097,0.086,0.125,0.037,0.156,0.06,0.255,0.063,0.055,0.292,0.052,0.105,0.17,0.103,0.059,0.065,0.076,0.297,0.136,0.233,0.047,0.051,0.07,0.141,0.064,0.07,0.121,0.135,0.121,0.071,0.116,0.035,0.146,0.084,0.068,0.121,0.099,0.594,0.076,0.045,0.037,0.065,0.12,0.057,0.133,0.058,0.11,0.036,0.05,0.149,0.107,0.056,0.035,
0.6,0.09,0.287,0.083,0.021,0.049,0.288,0.114,0.133,0.032,0.072,0.199,0.122,0.043,0.249,0.042,0.172,0.094,0.076,0.049,0.048,0.048,0.2,0.111,0.156,0.081,0.045,0.058,0.087,0.036,0.039,0.135,0.128,0.035,0.048,0.223,0.056,0.067,0.103,0.079,0.111,0.109,0.065,0.11,0.103,0.034,0.033,0.181,0.065,0.066,0.072,0.05,0.074,0.1,0.099,0.118,0.037,0.169,0.111,0.179,0.18,0.069,0.031,0.032,0.128,0.16,0.068,0.047,0.069,0.26,0.088,0.076,0.157,0.098,0.103,0.119,0.145,0.051,0.116,0.054,0.037,0.208,0.071,0.228,0.078,0.089,0.038,0.101,0.042,0.061,0.047,0.362,0.078,0.069,0.062,0.069,0.08,0.112,0.036,0.041,0.062,
0.65,0.096,0.046,0.07,0.06,0.037,0.181,0.038,0.133,0.119,0.038,0.173,0.073,0.063,0.071,0.14,0.081,0.067,0.046,0.073,0.037,0.118,0.119,0.24,0.143,0.071,0.042,0.228,0.077,0.035,0.072,0.082,0.101,0.034,0.047,0.046,0.067,0.064,0.129,0.125,0.107,0.06,0.244,0.05,0.046,0.059,0.219,0.049,0.089,0.064,0.122,0.124,0.048,0.038,0.034,0.032,0.048,0.042,0.068,0.048,0.084,0.09,0.151,0.071,0.037,0.041,0.092,0.217,0.023,0.053,0.065,0.095,0.14,0.118,0.1,0.091,0.266,0.094,0.042,0.041,0.045,0.046,0.085,0.083,0.129,0.033,0.068,0.077,0.05,0.084,0.196,0.036,0.073,0.064,0.042,0.047,0.052,0.087,0.116,0.048,0.067,
0.7,0.026,0.055,0.216,0.054,0.031,0.154,0.048,0.059,0.085,0.038,0.092,0.086,0.113,0.086,0.125,0.057,0.314,0.059,0.107,0.058,0.139,0.034,0.112,0.037,0.088,0.051,0.462,0.103,0.048,0.108,0.029,0.064,0.082,0.027,0.122,0.137,0.042,0.034,0.061,0.085,0.141,0.045,0.05,0.021,0.061,0.049,0.108,0.05,0.227,0.027,0.026,0.047,0.038,0.089,0.039,0.188,0.069,0.043,0.062,0.093,0.067,0.112,0.045,0.038,0.12,0.044,0.709,0.043,0.029,0.072,0.055,0.048,0.03,0.089,0.082,0.035,0.046,0.033,0.076,0.058,0.111,0.236,0.075,0.07,0.066,0.16,0.098,0.106,0.034,0.049,0.112,0.127,0.159,0.059,0.097,0.045,0.043,0.082,0.17,0.033,
0.75,0.023,0.072,0.062,0.141,0.04,0.09,0.096,0.033,0.063,0.05,0.072,0.049,0.067,0.086,0.033,0.21,0.131,0.065,0.033,0.031,0.065,0.06,0.048,0.116,0.096,0.047,0.03,0.119,0.087,0.075,0.046,0.054,0.059,0.08,0.033,0.078,0.192,0.089,0.116,0.1,0.051,0.052,0.036,0.041,0.203,0.041,0.074,0.04,0.129,0.042,0.034,0.101,0.047,0.071,0.088,0.075,0.044,0.159,0.045,0.168,0.088,0.032,0.065,0.028,0.041,0.061,0.083,0.201,0.09,0.129,0.047,0.13,0.055,0.041,0.044,0.063,0.026,0.044,0.067,0.047,0.065,0.035,0.072,0.034,0.175,0.037,0.273,0.04,0.081,0.074,0.279,0.061,0.059,0.085,0.067,0.049,0.054,0.138,0.042,0.026,
0.8,0.084,0.066,0.083,0.041,0.117,0.076,0.236,0.151,0.036,0.114,0.096,0.12,0.047,0.056,0.041,0.407,0.066,0.248,0.043,0.23,0.041,0.04,0.066,0.08,0.116,0.051,0.059,0.164,0.046,0.113,0.051,0.025,0.051,0.093,0.089,0.032,0.036,0.043,0.085,0.026,0.107,0.112,0.074,0.154,0.06,0.258,0.037,0.024,0.036,0.088,0.159,0.041,0.091,0.036,0.042,0.062,0.044,0.061,0.055,0.024,0.05,0.075,0.092,0.05,0.06,0.03,0.075,0.027,0.061,0.078,0.045,0.167,0.06,0.058,0.084,0.06,0.064,0.058,0.032,0.024,0.067,0.059,0.03,0.058,0.08,0.055,0.165,0.04,0.049,0.073,0.053,0.045,0.092,0.084,0.033,0.054,0.068,0.029,0.061,0.046,
0.85,0.093,0.024,0.132,0.038,0.047,0.078,0.102,0.056,0.041,0.031,0.077,0.046,0.061,0.058,0.038,0.051,0.063,0.039,0.067,0.038,0.066,0.037,0.097,0.033,0.13,0.078,0.059,0.061,0.044,0.039,0.046,0.035,0.079,0.047,0.067,0.143,0.064,0.075,0.039,0.042,0.049,0.032,0.061,0.117,0.023,0.047,0.053,0.029,0.072,0.039,0.056,0.049,0.136,0.092,0.063,0.08,0.122,0.169,0.121,0.111,0.066,0.094,0.079,0.078,0.049,0.059,0.103,0.054,0.051,0.281,0.072,0.095,0.068,0.041,0.064,0.061,0.064,0.043,0.056,0.217,0.028,0.058,0.03,0.071,0.046,0.052,0.176,0.031,0.051,0.029,0.024,0.068,0.048,0.064,0.045,0.027,0.053,0.05,0.065,0.089,
0.9,0.09,0.023,0.029,0.051,0.08,0.099,0.047,0.038,0.054,0.064,0.051,0.122,0.042,0.052,0.04,0.1,0.059,0.254,0.064,0.062,0.068,0.03,0.104,0.05,0.055,0.027,0.046,0.025,0.052,0.131,0.122,0.093,0.2,0.055,0.05,0.022,0.066,0.084,0.321,0.052,0.028,0.129,0.077,0.042,0.09,0.057,0.173,0.038,0.067,0.07,0.63,0.089,0.065,0.048,0.049,0.268,0.075,0.03,0.109,0.043,0.057,0.064,0.038,0.062,0.042,0.079,0.058,0.099,0.107,0.064,0.276,0.034,0.041,0.052,0.154,0.025,0.056,0.058,0.099,0.059,0.044,0.046,0.049,0.115,0.068,0.074,0.072,0.069,0.101,0.047,0.099,0.07,0.107,0.041,0.023,0.074,0.046,0.029,0.064,0.06,
0.95,0.078,0.07,0.085,0.078,0.04,0.054,0.053,0.1,0.031,0.166,0.092,0.054,0.068,0.023,0.1,0.052,0.071,0.073,0.033,0.149,0.041,0.089,0.023,0.036,0.037,0.071,0.14,0.079,0.064,0.086,0.028,0.035,0.039,0.064,0.069,0.032,0.085,0.18,0.056,0.051,0.031,0.097,0.091,0.035,0.035,0.059,0.089,0.114,0.095,0.04,0.045,0.043,0.038,0.076,0.04,0.043,0.173,0.105,0.053,0.108,0.033,0.091,0.061,0.064,0.049,0.047,0.086,0.04,0.065,0.05,0.064,0.126,0.067,0.061,0.064,0.085,0.027,0.07,0.037,0.03,0.035,0.028,0.041,0.046,0.039,0.064,0.027,0.04,0.033,0.044,0.062,0.028,0.048,0.08,0.054,0.032,0.063,0.033,0.037,0.057,
1,0.093,0.042,0.061,0.023,0.091,0.042,0.036,0.078,0.042,0.027,0.057,0.037,0.085,0.044,0.028,0.071,0.035,0.126,0.039,0.148,0.074,0.106,0.043,0.08,0.114,0.039,0.042,0.024,0.069,0.066,0.073,0.038,0.085,0.024,0.063,0.058,0.025,0.051,0.046,0.031,0.102,0.067,0.131,0.067,0.081,0.35,0.057,0.063,0.089,0.152,0.031,0.096,0.03,0.03,0.044,0.061,0.044,0.04,0.086,0.126,0.079,0.067,0.041,0.066,0.076,0.056,0.121,0.039,0.055,0.101,0.037,0.067,0.104,0.118,0.04,0.028,0.077,0.045,0.057,0.091,0.297,0.068,0.133,0.095,0.024,0.036,0.029,0.031,0.038,0.087,0.049,0.056,0.077,0.219,0.04,0.07,0.039,0.028,0.022,0.047,
1.05,0.037,0.092,0.04,0.029,0.052,0.095,0.036,0.06,0.057,0.059,0.027,0.07,0.154,0.03,0.057,0.042,0.092,0.074,0.038,0.042,0.022,0.049,0.039,0.055,0.024,0.078,0.07,0.089,0.075,0.044,0.076,0.072,0.063,0.046,0.031,0.102,0.041,0.027,0.078,0.088,0.051,0.069,0.025,0.037,0.079,0.036,0.049,0.052,0.038,0.069,0.04,0.034,0.039,0.093,0.048,0.045,0.042,0.062,0.09,0.124,0.057,0.146,0.093,0.041,0.075,0.072,0.086,0.032,0.046,0.056,0.065,0.07,0.023,0.049,0.055,0.043,0.073,0.054,0.091,0.038,0.022,0.052,0.032,0.047,0.034,0.089,0.036,0.038,0.062,0.073,0.024,0.044,0.053,0.086,0.071,0.045,0.037,0.102,0.093,0.038,
1.1,0.031,0.027,0.1,0.054,0.083,0.055,0.213,0.057,0.036,0.05,0.238,0.097,0.032,0.028,0.041,0.085,0.033,0.019,0.055,0.085,0.029,0.044,0.048,0.035,0.041,0.05,0.05,0.036,0.071,0.076,0.094,0.052,0.042,0.035,0.074,0.063,0.033,0.036,0.047,0.077,0.033,0.028,0.042,0.036,0.037,0.055,0.027,0.034,0.031,0.075,0.029,0.069,0.075,0.07,0.151,0.115,0.036,0.056,0.031,0.03,0.054,0.041,0.024,0.033,0.032,0.074,0.056,0.057,0.075,0.122,0.076,0.076,0.031,0.118,0.132,0.029,0.111,0.118,0.033,0.028,0.071,0.052,0.03,0.069,0.301,0.087,0.046,0.053,0.115,0.047,0.041,0.062,0.043,0.061,0.043,0.059,0.082,0.058,0.033,0.066,
1.15,0.038,0.094,0.12,0.049,0.044,0.091,0.081,0.042,0.034,0.144,0.121,0.128,0.084,0.051,0.036,0.189,0.091,0.069,0.036,0.061,0.068,0.065,0.04,0.031,0.096,0.044,0.065,0.072,0.028,0.044,0.08,0.073,0.072,0.049,0.027,0.054,0.034,0.042,0.059,0.039,0.047,0.081,0.031,0.067,0.052,0.021,0.021,0.024,0.06,0.032,0.045,0.045,0.032,0.052,0.095,0.032,0.054,0.041,0.109,0.095,0.03,0.038,0.038,0.114,0.033,0.129,0.042,0.084,0.069,0.113,0.039,0.025,0.053,0.077,0.087,0.038,0.025,0.155,0.053,0.071,0.056,0.043,0.078,0.087,0.041,0.059,0.062,0.025,0.034,0.074,0.117,0.026,0.048,0.114,0.08,0.05,0.031,0.046,0.053,0.061,
1.2,0.046,0.067,0.083,0.039,0.063,0.059,0.054,0.037,0.09,0.051,0.054,0.043,0.032,0.021,0.053,0.023,0.043,0.059,0.06,0.053,0.042,0.094,0.048,0.069,0.051,0.027,0.114,0.06,0.039,0.04,0.043,0.059,0.111,0.064,0.037,0.062,0.04,0.087,0.062,0.038,0.087,0.095,0.15,0.103,0.03,0.116,0.046,0.029,0.05,0.045,0.119,0.02,0.039,0.035,0.028,0.042,0.061,0.075,0.043,0.062,0.027,0.055,0.056,0.066,0.288,0.034,0.078,0.043,0.095,0.028,0.031,0.116,0.06,0.045,0.058,0.027,0.05,0.039,0.063,0.091,0.033,0.045,0.04,0.026,0.051,0.13,0.052,0.074,0.074,0.053,0.078,0.098,0.047,0.082,0.086,0.066,0.035,0.056,0.046,0.056,
1.25,0.036,0.028,0.164,0.029,0.03,0.088,0.05,0.044,0.032,0.057,0.078,0.069,0.063,0.041,0.072,0.033,0.069,0.072,0.029,0.04,0.041,0.048,0.039,0.054,0.033,0.065,0.055,0.024,0.11,0.023,0.064,0.073,0.054,0.217,0.116,0.031,0.07,0.119,0.067,0.035,0.06,0.179,0.042,0.039,0.03,0.035,0.063,0.04,0.039,0.074,0.029,0.045,0.042,0.048,0.103,0.037,0.052,0.067,0.052,0.034,0.042,0.028,0.046,0.028,0.046,0.103,0.085,0.044,0.042,0.025,0.035,0.076,0.103,0.069,0.132,0.062,0.074,0.028,0.031,0.084,0.03,0.079,0.07,0.055,0.058,0.027,0.126,0.028,0.083,0.065,0.127,0.041,0.053,0.089,0.033,0.037,0.049,0.039,0.035,0.106,
1.3,0.045,0.029,0.053,0.048,0.05,0.047,0.176,0.059,0.042,0.083,0.035,0.085,0.025,0.168,0.03,0.037,0.1,0.054,0.05,0.035,0.066,0.046,0.064,0.021,0.033,0.111,0.027,0.049,0.066,0.045,0.076,0.029,0.05,0.062,0.038,0.057,0.042,0.072,0.033,0.027,0.07,0.039,0.028,0.1,0.032,0.048,0.078,0.04,0.061,0.025,0.046,0.066,0.037,0.027,0.097,0.033,0.033,0.029,0.03,0.076,0.055,0.061,0.041,0.029,0.087,0.073,0.06,0.029,0.07,0.034,0.06,0.048,0.119,0.094,0.032,0.062,0.053,0.038,0.061,0.044,0.034,0.042,0.07,0.031,0.027,0.042,0.022,0.074,0.022,0.068,0.04,0.049,0.04,0.172,0.046,0.04,0.044,0.086,0.033,0.143,
1.35,0.037,0.049,0.083,0.119,0.053,0.024,0.049,0.173,0.024,0.051,0.057,0.054,0.078,0.056,0.043,0.068,0.056,0.052,0.118,0.034,0.049,0.094,0.06,0.069,0.076,0.112,0.03,0.043,0.074,0.038,0.052,0.113,0.064,0.157,0.031,0.081,0.047,0.032,0.066,0.032,0.061,0.045,0.078,0.05,0.03,0.056,0.039,0.072,0.055,0.062,0.115,0.03,0.06,0.056,0.061,0.036,0.021,0.062,0.023,0.047,0.087,0.039,0.042,0.045,0.038,0.058,0.046,0.037,0.08,0.111,0.067,0.054,0.055,0.035,0.046,0.05,0.063,0.038,0.051,0.093,0.073,0.024,0.039,0.027,0.027,0.044,0.139,0.039,0.101,0.041,0.027,0.031,0.089,0.044,0.037,0.149,0.03,0.173,0.051,0.026,
1.4,0.026,0.054,0.043,0.078,0.061,0.088,0.036,0.153,0.048,0.057,0.107,0.036,0.072,0.058,0.056,0.045,0.038,0.06,0.087,0.04,0.057,0.039,0.074,0.043,0.029,0.063,0.02,0.08,0.059,0.054,0.043,0.073,0.072,0.037,0.048,0.04,0.038,0.026,0.068,0.038,0.084,0.036,0.036,0.028,0.038,0.049,0.023,0.033,0.045,0.067,0.032,0.039,0.046,0.059,0.067,0.039,0.058,0.034,0.07,0.035,0.058,0.072,0.052,0.032,0.034,0.04,0.041,0.127,0.044,0.073,0.07,0.049,0.064,0.044,0.038,0.066,0.122,0.077,0.037,0.102,0.044,0.066,0.06,0.065,0.036,0.143,0.099,0.026,0.033,0.031,0.054,0.046,0.042,0.115,0.031,0.043,0.107,0.031,0.09,0.045,
1.45,0.029,0.091,0.085,0.111,0.061,0.107,0.067,0.065,0.04,0.021,0.049,0.091,0.075,0.033,0.053,0.125,0.038,0.078,0.088,0.041,0.132,0.078,0.032,0.072,0.093,0.055,0.087,0.052,0.036,0.039,0.163,0.093,0.029,0.06,0.044,0.048,0.023,0.061,0.044,0.023,0.04,0.054,0.083,0.043,0.044,0.048,0.1,0.041,0.143,0.091,0.084,0.035,0.025,0.056,0.076,0.038,0.05,0.025,0.041,0.039,0.042,0.041,0.044,0.035,0.068,0.082,0.136,0.05,0.056,0.133,0.112,0.067,0.055,0.069,0.056,0.029,0.033,0.093,0.05,0.033,0.029,0.044,0.077,0.069,0.064,0.115,0.034,0.072,0.048,0.065,0.04,0.066,0.063,0.066,0.032,0.05,0.035,0.034,0.065,0.061,
1.5,0.095,0.033,0.06,0.03,0.045,0.041,0.03,0.028,0.03,0.035,0.114,0.113,0.076,0.153,0.047,0.043,0.036,0.045,0.087,0.072,0.034,0.067,0.033,0.034,0.065,0.036,0.034,0.031,0.043,0.068,0.041,0.02,0.028,0.042,0.029,0.037,0.03,0.081,0.068,0.069,0.044,0.049,0.089,0.036,0.05,0.03,0.048,0.084,0.067,0.054,0.036,0.181,0.078,0.079,0.064,0.098,0.024,0.045,0.044,0.069,0.057,0.04,0.063,0.039,0.084,0.088,0.075,0.091,0.051,0.072,0.036,0.092,0.058,0.061,0.043,0.034,0.144,0.045,0.026,0.061,0.049,0.067,0.063,0.061,0.024,0.03,0.051,0.06,0.034,0.048,0.04,0.131,0.027,0.039,0.03,0.05,0.035,0.057,0.05,0.05,
1.55,0.056,0.046,0.045,0.06,0.067,0.027,0.051,0.098,0.029,0.067,0.052,0.033,0.09,0.091,0.052,0.033,0.033,0.16,0.093,0.065,0.03,0.062,0.078,0.038,0.104,0.047,0.072,0.028,0.03,0.028,0.073,0.049,0.067,0.052,0.027,0.068,0.026,0.096,0.058,0.054,0.04,0.031,0.04,0.043,0.12,0.048,0.04,0.092,0.041,0.082,0.077,0.039,0.218,0.092,0.079,0.044,0.066,0.095,0.065,0.063,0.081,0.106,0.045,0.059,0.072,0.095,0.071,0.148,0.038,0.043,0.032,0.208,0.076,0.053,0.045,0.068,0.061,0.05,0.055,0.04,0.075,0.029,0.06,0.067,0.086,0.035,0.048,0.105,0.043,0.047,0.063,0.046,0.051,0.033,0.076,0.121,0.035,0.031,0.035,0.038,
1.6,0.038,0.103,0.071,0.028,0.041,0.054,0.034,0.111,0.074,0.028,0.03,0.069,0.079,0.059,0.029,0.032,0.053,0.114,0.049,0.055,0.159,0.065,0.035,0.1,0.063,0.135,0.083,0.061,0.032,0.059,0.082,0.059,0.035,0.057,0.086,0.07,0.096,0.071,0.123,0.035,0.044,0.035,0.05,0.086,0.088,0.029,0.089,0.065,0.03,0.088,0.038,0.022,0.027,0.054,0.074,0.041,0.039,0.025,0.039,0.151,0.05,0.075,0.044,0.366,0.058,0.106,0.113,0.049,0.043,0.057,0.033,0.083,0.065,0.045,0.044,0.031,0.063,0.083,0.031,0.058,0.078,0.032,0.03,0.08,0.072,0.138,0.026,0.054,0.054,0.079,0.045,0.043,0.124,0.075,0.087,0.199,0.036,0.148,0.048,0.045,
1.65,0.063,0.093,0.235,0.032,0.065,0.124,0.027,0.047,0.023,0.077,0.03,0.048,0.126,0.054,0.062,0.07,0.037,0.076,0.049,0.134,0.173,0.052,0.027,0.036,0.144,0.102,0.075,0.039,0.049,0.04,0.034,0.054,0.163,0.058,0.077,0.178,0.062,0.026,0.119,0.059,0.083,0.047,0.045,0.039,0.042,0.034,0.094,0.084,0.03,0.082,0.03,0.212,0.108,0.09,0.062,0.114,0.078,0.064,0.082,0.025,0.067,0.109,0.09,0.026,0.055,0.042,0.045,0.04,0.123,0.08,0.025,0.154,0.068,0.077,0.042,0.095,0.087,0.169,0.088,0.063,0.121,0.046,0.067,0.034,0.036,0.105,0.042,0.06,0.107,0.027,0.042,0.036,0.057,0.132,0.092,0.027,0.04,0.026,0.034,0.045,
1.7,0.041,0.116,0.087,0.049,0.032,0.053,0.046,0.037,0.111,0.123,0.119,0.047,0.048,0.037,0.054,0.031,0.048,0.151,0.048,0.167,0.047,0.106,0.125,0.044,0.058,0.082,0.048,0.04,0.032,0.097,0.041,0.05,0.045,0.079,0.09,0.093,0.086,0.06,0.163,0.096,0.032,0.057,0.029,0.038,0.034,0.047,0.08,0.1,0.045,0.084,0.026,0.028,0.076,0.166,0.16,0.026,0.035,0.042,0.039,0.042,0.106,0.028,0.051,0.039,0.058,0.079,0.082,0.055,0.058,0.036,0.078,0.067,0.084,0.116,0.073,0.07,0.057,0.06,0.069,0.063,0.048,0.046,0.05,0.066,0.087,0.106,0.102,0.024,0.058,0.063,0.046,0.102,0.059,0.062,0.14,0.031,0.034,0.064,0.087,0.067,
1.75,0.024,0.046,0.04,0.102,0.041,0.041,0.041,0.253,0.056,0.044,0.023,0.078,0.05,0.024,0.062,0.115,0.029,0.034,0.027,0.035,0.072,0.035,0.089,0.057,0.067,0.063,0.082,0.041,0.04,0.029,0.043,0.09,0.049,0.084,0.052,0.041,0.061,0.047,0.023,0.075,0.031,0.049,0.028,0.056,0.059,0.033,0.031,0.082,0.031,0.071,0.125,0.053,0.028,0.049,0.02,0.074,0.098,0.043,0.087,0.081,0.084,0.093,0.038,0.05,0.041,0.057,0.058,0.04,0.065,0.03,0.035,0.136,0.044,0.037,0.136,0.17,0.078,0.057,0.03,0.075,0.039,0.063,0.089,0.075,0.06,0.038,0.035,0.094,0.076,0.065,0.048,0.025,0.044,0.088,0.059,0.067,0.042,0.081,0.078,0.133,
1.8,0.055,0.045,0.055,0.103,0.031,0.038,0.097,0.065,0.043,0.023,0.043,0.098,0.048,0.043,0.076,0.054,0.069,0.025,0.118,0.108,0.092,0.045,0.097,0.06,0.054,0.077,0.054,0.133,0.069,0.088,0.043,0.03,0.106,0.042,0.064,0.145,0.021,0.051,0.048,0.121,0.039,0.135,0.057,0.044,0.067,0.036,0.076,0.023,0.065,0.067,0.079,0.063,0.03,0.058,0.042,0.077,0.03,0.034,0.05,0.024,0.063,0.029,0.085,0.036,0.053,0.06,0.065,0.026,0.152,0.029,0.038,0.044,0.039,0.108,0.032,0.044,0.051,0.053,0.055,0.088,0.037,0.044,0.054,0.054,0.055,0.064,0.087,0.048,0.052,0.031,0.061,0.073,0.079,0.086,0.059,0.098,0.09,0.108,0.12,0.06,
1.85,0.028,0.033,0.032,0.097,0.033,0.058,0.121,0.101,0.09,0.106,0.042,0.04,0.061,0.11,0.108,0.055,0.077,0.093,0.13,0.049,0.07,0.059,0.029,0.065,0.049,0.035,0.049,0.032,0.166,0.102,0.096,0.029,0.055,0.053,0.047,0.089,0.051,0.071,0.075,0.107,0.051,0.042,0.039,0.104,0.031,0.034,0.051,0.071,0.065,0.056,0.091,0.051,0.046,0.036,0.067,0.091,0.105,0.072,0.097,0.043,0.064,0.029,0.062,0.062,0.043,0.047,0.07,0.094,0.07,0.056,0.076,0.084,0.062,0.067,0.035,0.093,0.064,0.178,0.084,0.088,0.047,0.056,0.05,0.075,0.038,0.054,0.075,0.069,0.163,0.048,0.058,0.026,0.062,0.057,0.078,0.062,0.086,0.041,0.037,0.041,
1.9,0.097,0.098,0.037,0.111,0.093,0.059,0.081,0.229,0.095,0.061,0.066,0.024,0.034,0.07,0.053,0.05,0.038,0.072,0.18,0.206,0.046,0.053,0.05,0.038,0.043,0.024,0.029,0.026,0.052,0.04,0.043,0.039,0.03,0.022,0.109,0.086,0.064,0.027,0.086,0.029,0.039,0.054,0.049,0.027,0.102,0.067,0.097,0.049,0.072,0.056,0.05,0.035,0.096,0.131,0.078,0.036,0.049,0.025,0.094,0.075,0.039,0.157,0.056,0.049,0.117,0.066,0.183,0.058,0.071,0.028,0.058,0.096,0.022,0.031,0.035,0.07,0.056,0.034,0.026,0.048,0.05,0.041,0.034,0.124,0.048,0.06,0.036,0.043,0.035,0.059,0.022,0.052,0.034,0.029,0.029,0.173,0.049,0.026,0.033,0.107,
1.95,0.03,0.103,0.077,0.04,0.038,0.134,0.069,0.063,0.037,0.072,0.151,0.129,0.062,0.07,0.028,0.055,0.032,0.081,0.03,0.046,0.064,0.044,0.069,0.082,0.042,0.066,0.065,0.07,0.137,0.066,0.085,0.035,0.035,0.035,0.022,0.022,0.096,0.058,0.061,0.088,0.089,0.034,0.1,0.061,0.081,0.063,0.021,0.074,0.119,0.038,0.03,0.073,0.135,0.052,0.127,0.05,0.07,0.054,0.049,0.038,0.032,0.055,0.042,0.077,0.085,0.134,0.053,0.096,0.022,0.069,0.052,0.056,0.057,0.07,0.038,0.059,0.07,0.052,0.03,0.04,0.041,0.072,0.069,0.032,0.031,0.073,0.068,0.023,0.061,0.043,0.049,0.031,0.066,0.053,0.041,0.061,0.072,0.036,0.086,0.056,
2,0.05,0.027,0.05,0.121,0.039,0.073,0.038,0.053,0.061,0.038,0.039,0.106,0.089,0.045,0.037,0.043,0.022,0.173,0.064,0.224,0.029,0.035,0.044,0.051,0.037,0.117,0.049,0.045,0.034,0.11,0.175,0.036,0.08,0.023,0.079,0.034,0.042,0.036,0.036,0.133,0.072,0.028,0.056,0.048,0.071,0.078,0.073,0.065,0.074,0.082,0.146,0.056,0.022,0.043,0.049,0.074,0.047,0.094,0.075,0.119,0.085,0.077,0.067,0.069,0.023,0.041,0.029,0.05,0.097,0.1,0.115,0.047,0.06,0.039,0.037,0.1,0.101,0.054,0.114,0.169,0.043,0.05,0.18,0.229,0.054,0.046,0.063,0.144,0.067,0.121,0.093,0.037,0.116,0.05,0.075,0.156,0.038,0.116,0.082,0.129,
2.05,0.022,0.099,0.078,0.138,0.066,0.082,0.044,0.035,0.078,0.056,0.034,0.066,0.062,0.079,0.064,0.144,0.041,0.058,0.035,0.135,0.082,0.057,0.081,0.158,0.06,0.033,0.074,0.158,0.042,0.052,0.031,0.035,0.032,0.07,0.064,0.051,0.032,0.029,0.044,0.051,0.081,0.024,0.088,0.049,0.101,0.043,0.054,0.067,0.046,0.034,0.041,0.051,0.063,0.087,0.077,0.052,0.123,0.116,0.025,0.058,0.127,0.042,0.059,0.118,0.102,0.094,0.027,0.14,0.052,0.042,0.073,0.033,0.063,0.2,0.032,0.05,0.029,0.166,0.075,0.034,0.088,0.073,0.035,0.034,0.042,0.062,0.067,0.049,0.042,0.052,0.056,0.066,0.13,0.043,0.058,0.034,0.038,0.04,0.072,0.067,
2.1,0.089,0.066,0.022,0.117,0.091,0.053,0.126,0.031,0.052,0.031,0.034,0.06,0.028,0.158,0.024,0.03,0.055,0.129,0.031,0.053,0.036,0.133,0.043,0.049,0.089,0.052,0.104,0.101,0.056,0.088,0.12,0.026,0.039,0.078,0.036,0.056,0.05,0.12,0.063,0.153,0.026,0.034,0.081,0.073,0.042,0.045,0.079,0.094,0.043,0.05,0.062,0.051,0.077,0.14,0.102,0.118,0.102,0.057,0.025,0.033,0.065,0.028,0.063,0.039,0.058,0.054,0.054,0.04,0.031,0.05,0.088,0.141,0.062,0.051,0.169,0.087,0.06,0.072,0.058,0.027,0.08,0.204,0.116,0.069,0.049,0.026,0.082,0.038,0.087,0.027,0.067,0.053,0.031,0.036,0.084,0.044,0.04,0.101,0.041,0.059,
2.15,0.097,0.051,0.088,0.036,0.053,0.068,0.071,0.105,0.041,0.076,0.088,0.175,0.05,0.061,0.043,0.084,0.046,0.067,0.07,0.061,0.048,0.025,0.053,0.1,0.059,0.085,0.03,0.023,0.14,0.136,0.065,0.062,0.072,0.073,0.036,0.111,0.069,0.057,0.177,0.098,0.045,0.042,0.042,0.081,0.064,0.037,0.049,0.034,0.042,0.073,0.086,0.067,0.152,0.044,0.09,0.101,0.119,0.11,0.111,0.133,0.085,0.243,0.028,0.038,0.072,0.063,0.062,0.088,0.11,0.108,0.042,0.099,0.08,0.025,0.055,0.069,0.059,0.077,0.043,0.084,0.086,0.064,0.076,0.066,0.022,0.036,0.035,0.084,0.06,0.076,0.034,0.029,0.137,0.073,0.056,0.099,0.043,0.051,0.078,0.066,
2.2,0.075,0.052,0.072,0.05,0.133,0.079,0.062,0.092,0.046,0.06,0.087,0.051,0.188,0.052,0.096,0.032,0.049,0.1,0.056,0.076,0.035,0.07,0.112,0.107,0.04,0.075,0.095,0.032,0.079,0.069,0.054,0.058,0.033,0.037,0.082,0.046,0.082,0.045,0.073,0.04,0.085,0.021,0.09,0.046,0.035,0.026,0.044,0.072,0.046,0.037,0.068,0.116,0.114,0.058,0.041,0.095,0.088,0.181,0.037,0.035,0.027,0.083,0.054,0.035,0.062,0.066,0.155,0.054,0.03,0.13,0.062,0.048,0.086,0.072,0.034,0.131,0.121,0.064,0.071,0.035,0.07,0.045,0.031,0.031,0.061,0.049,0.036,0.036,0.039,0.03,0.038,0.028,0.046,0.087,0.261,0.113,0.051,0.069,0.036,0.027,
2.25,0.127,0.085,0.074,0.039,0.081,0.048,0.072,0.038,0.049,0.151,0.057,0.038,0.052,0.051,0.045,0.066,0.253,0.054,0.034,0.082,0.033,0.111,0.074,0.035,0.06,0.055,0.102,0.047,0.085,0.123,0.05,0.031,0.029,0.026,0.204,0.041,0.042,0.058,0.027,0.042,0.063,0.057,0.099,0.069,0.08,0.084,0.22,0.102,0.067,0.034,0.123,0.032,0.042,0.045,0.049,0.069,0.044,0.043,0.037,0.06,0.045,0.061,0.077,0.084,0.096,0.072,0.063,0.057,0.137,0.039,0.06,0.098,0.08,0.043,0.043,0.041,0.04,0.05,0.055,0.032,0.078,0.07,0.099,0.042,0.061,0.044,0.051,0.051,0.066,0.058,0.054,0.075,0.033,0.042,0.165,0.053,0.041,0.114,0.053,0.073,
2.3,0.076,0.025,0.076,0.073,0.076,0.051,0.059,0.054,0.054,0.048,0.025,0.053,0.051,0.103,0.057,0.268,0.065,0.051,0.044,0.029,0.076,0.148,0.054,0.102,0.12,0.098,0.044,0.029,0.094,0.058,0.09,0.032,0.103,0.112,0.067,0.044,0.063,0.04,0.066,0.05,0.035,0.043,0.063,0.076,0.196,0.219,0.042,0.088,0.061,0.073,0.062,0.065,0.054,0.074,0.052,0.025,0.043,0.06,0.146,0.153,0.107,0.062,0.132,0.036,0.042,0.044,0.075,0.038,0.041,0.046,0.073,0.036,0.117,0.069,0.037,0.057,0.031,0.056,0.058,0.072,0.027,0.031,0.077,0.114,0.054,0.028,0.079,0.046,0.061,0.073,0.164,0.035,0.078,0.039,0.066,0.056,0.048,0.069,0.028,0.082,
2.35,0.096,0.024,0.072,0.028,0.091,0.094,0.041,0.022,0.027,0.067,0.057,0.047,0.151,0.101,0.119,0.055,0.047,0.038,0.093,0.098,0.068,0.065,0.101,0.169,0.099,0.081,0.079,0.141,0.251,0.052,0.039,0.166,0.162,0.065,0.038,0.032,0.08,0.087,0.112,0.027,0.051,0.189,0.06,0.065,0.073,0.104,0.032,0.112,0.063,0.08,0.081,0.093,0.072,0.123,0.023,0.183,0.095,0.111,0.053,0.07,0.054,0.036,0.067,0.044,0.052,0.108,0.037,0.113,0.078,0.026,0.026,0.039,0.051,0.13,0.029,0.043,0.046,0.096,0.02,0.077,0.058,0.03,0.038,0.123,0.13,0.082,0.077,0.036,0.091,0.059,0.06,0.035,0.077,0.039,0.03,0.05,0.049,0.081,0.126,0.164,
2.4,0.033,0.063,0.157,0.064,0.133,0.054,0.127,0.12,0.031,0.236,0.268,0.056,0.023,0.096,0.037,0.043,0.137,0.05,0.04,0.078,0.052,0.171,0.028,0.051,0.093,0.058,0.097,0.086,0.115,0.061,0.225,0.037,0.042,0.09,0.045,0.286,0.154,0.026,0.051,0.099,0.055,0.104,0.068,0.067,0.052,0.096,0.036,0.074,0.141,0.09,0.084,0.09,0.025,0.18,0.039,0.091,0.038,0.023,0.069,0.11,0.031,0.106,0.119,0.09,0.067,0.059,0.094,0.084,0.16,0.077,0.05,0.106,0.072,0.029,0.062,0.104,0.079,0.158,0.037,0.069,0.045,0.036,0.04,0.034,0.054,0.116,0.034,0.064,0.085,0.069,0.042,0.137,0.032,0.082,0.055,0.124,0.03,0.075,0.026,0.114,
2.45,0.062,0.06,0.171,0.116,0.075,0.067,0.035,0.035,0.044,0.131,0.047,0.127,0.062,0.045,0.067,0.075,0.032,0.141,0.084,0.155,0.091,0.097,0.06,0.051,0.024,0.07,0.089,0.104,0.026,0.115,0.149,0.061,0.09,0.03,0.034,0.061,0.15,0.074,0.079,0.087,0.078,0.037,0.087,0.026,0.072,0.095,0.045,0.039,0.095,0.049,0.053,0.104,0.074,0.025,0.062,0.124,0.114,0.041,0.243,0.069,0.107,0.121,0.029,0.047,0.054,0.105,0.047,0.12,0.04,0.048,0.049,0.139,0.032,0.06,0.092,0.036,0.03,0.038,0.103,0.028,0.069,0.058,0.072,0.051,0.052,0.105,0.029,0.068,0.027,0.058,0.035,0.023,0.028,0.077,0.034,0.095,0.122,0.026,0.042,0.064,
2.5,0.071,0.135,0.025,0.09,0.083,0.035,0.048,0.145,0.051,0.054,0.071,0.052,0.025,0.12,0.106,0.119,0.027,0.07,0.033,0.067,0.032,0.047,0.084,0.129,0.031,0.052,0.119,0.028,0.047,0.064,0.206,0.147,0.131,0.073,0.189,0.049,0.111,0.038,0.041,0.032,0.048,0.114,0.077,0.059,0.042,0.059,0.145,0.067,0.045,0.047,0.04,0.053,0.166,0.057,0.071,0.058,0.067,0.121,0.095,0.05,0.126,0.115,0.048,0.071,0.034,0.111,0.075,0.042,0.068,0.078,0.104,0.153,0.095,0.047,0.165,0.071,0.036,0.206,0.155,0.092,0.124,0.145,0.041,0.036,0.159,0.073,0.061,0.172,0.054,0.038,0.185,0.051,0.044,0.055,0.055,0.063,0.058,0.236,0.051,0.134,
2.55,0.045,0.06,0.089,0.042,0.116,0.254,0.038,0.131,0.076,0.126,0.09,0.048,0.122,0.05,0.076,0.173,0.165,0.056,0.09,0.138,0.076,0.066,0.063,0.128,0.095,0.036,0.08,0.043,0.103,0.059,0.034,0.126,0.206,0.101,0.151,0.038,0.083,0.117,0.038,0.042,0.026,0.052,0.038,0.102,0.095,0.035,0.038,0.178,0.094,0.027,0.121,0.032,0.06,0.06,0.05,0.1,0.109,0.035,0.039,0.049,0.087,0.044,0.047,0.115,0.175,0.115,0.048,0.099,0.065,0.093,0.081,0.023,0.063,0.032,0.058,0.061,0.078,0.068,0.057,0.036,0.076,0.054,0.037,0.053,0.194,0.109,0.105,0.202,0.097,0.094,0.073,0.036,0.121,0.055,0.031,0.074,0.033,0.024,0.18,0.124,
2.6,0.108,0.073,0.158,0.097,0.072,0.035,0.079,0.042,0.108,0.097,0.093,0.217,0.156,0.043,0.146,0.036,0.137,0.043,0.057,0.03,0.105,0.107,0.028,0.104,0.098,0.036,0.128,0.027,0.065,0.136,0.046,0.029,0.104,0.023,0.134,0.097,0.029,0.213,0.077,0.038,0.098,0.134,0.039,0.038,0.084,0.131,0.087,0.071,0.06,0.051,0.099,0.092,0.089,0.094,0.068,0.054,0.03,0.046,0.083,0.041,0.032,0.089,0.073,0.079,0.087,0.1,0.135,0.05,0.06,0.026,0.086,0.08,0.028,0.044,0.038,0.079,0.053,0.039,0.169,0.096,0.052,0.083,0.042,0.077,0.095,0.134,0.073,0.042,0.052,0.102,0.028,0.065,0.064,0.088,0.093,0.18,0.144,0.047,0.13,0.063,
2.65,0.058,0.047,0.065,0.081,0.111,0.063,0.115,0.1,0.06,0.151,0.177,0.142,0.048,0.045,0.099,0.067,0.049,0.077,0.109,0.05,0.033,0.062,0.05,0.079,0.158,0.151,0.028,0.054,0.058,0.043,0.078,0.129,0.091,0.062,0.138,0.053,0.064,0.051,0.151,0.119,0.05,0.099,0.075,0.037,0.062,0.157,0.027,0.05,0.076,0.117,0.105,0.062,0.082,0.07,0.061,0.045,0.043,0.039,0.07,0.206,0.086,0.07,0.098,0.054,0.049,0.037,0.086,0.147,0.045,0.08,0.067,0.118,0.033,0.115,0.188,0.086,0.047,0.064,0.099,0.031,0.077,0.048,0.085,0.159,0.093,0.131,0.057,0.043,0.112,0.13,0.035,0.074,0.083,0.037,0.04,0.097,0.13,0.047,0.055,0.084,
2.7,0.034,0.033,0.082,0.092,0.048,0.212,0.1,0.092,0.144,0.034,0.049,0.049,0.025,0.077,0.106,0.084,0.04,0.183,0.088,0.064,0.047,0.083,0.061,0.135,0.061,0.096,0.236,0.048,0.085,0.143,0.023,0.103,0.14,0.059,0.115,0.201,0.08,0.09,0.124,0.13,0.141,0.098,0.191,0.32,0.055,0.057,0.069,0.062,0.115,0.028,0.064,0.175,0.072,0.043,0.047,0.118,0.104,0.053,0.035,0.109,0.082,0.082,0.264,0.058,0.178,0.077,0.111,0.071,0.097,0.097,0.079,0.074,0.072,0.123,0.105,0.029,0.174,0.055,0.051,0.147,0.021,0.145,0.042,0.036,0.054,0.054,0.037,0.099,0.148,0.046,0.054,0.087,0.08,0.067,0.037,0.151,0.068,0.111,0.064,0.047,
2.75,0.088,0.099,0.096,0.033,0.175,0.039,0.139,0.119,0.106,0.08,0.044,0.051,0.09,0.065,0.085,0.081,0.096,0.056,0.064,0.162,0.055,0.205,0.183,0.042,0.145,0.153,0.075,0.048,0.043,0.036,0.052,0.036,0.067,0.05,0.075,0.08,0.066,0.022,0.045,0.089,0.167,0.046,0.05,0.081,0.064,0.056,0.084,0.113,0.039,0.046,0.087,0.047,0.048,0.127,0.101,0.042,0.071,0.081,0.153,0.203,0.067,0.061,0.064,0.11,0.045,0.233,0.041,0.039,0.08,0.074,0.091,0.05,0.172,0.144,0.119,0.042,0.113,0.081,0.075,0.028,0.094,0.109,0.051,0.03,0.131,0.066,0.046,0.075,0.157,0.109,0.028,0.049,0.055,0.054,0.111,0.058,0.024,0.114,0.175,0.087,
2.8,0.185,0.036,0.061,0.057,0.127,0.037,0.031,0.043,0.077,0.074,0.069,0.14,0.036,0.045,0.029,0.024,0.056,0.051,0.132,0.084,0.032,0.133,0.175,0.086,0.051,0.034,0.058,0.059,0.158,0.113,0.027,0.144,0.036,0.136,0.052,0.033,0.14,0.026,0.063,0.14,0.113,0.102,0.185,0.056,0.108,0.049,0.05,0.062,0.116,0.072,0.046,0.065,0.036,0.145,0.038,0.048,0.083,0.059,0.083,0.03,0.039,0.143,0.056,0.09,0.099,0.102,0.098,0.085,0.046,0.044,0.038,0.077,0.082,0.128,0.097,0.064,0.05,0.058,0.037,0.082,0.114,0.229,0.079,0.03,0.028,0.062,0.076,0.025,0.03,0.027,0.055,0.078,0.107,0.057,0.051,0.09,0.027,0.054,0.035,0.095,
2.85,0.258,0.071,0.051,0.113,0.285,0.036,0.054,0.131,0.043,0.271,0.093,0.057,0.06,0.068,0.032,0.132,0.067,0.145,0.04,0.092,0.041,0.1,0.107,0.119,0.029,0.064,0.074,0.166,0.043,0.068,0.189,0.05,0.059,0.143,0.177,0.113,0.097,0.071,0.057,0.069,0.056,0.094,0.039,0.099,0.036,0.043,0.096,0.099,0.095,0.036,0.076,0.139,0.102,0.096,0.134,0.088,0.156,0.112,0.067,0.037,0.063,0.112,0.028,0.073,0.076,0.049,0.032,0.04,0.072,0.042,0.035,0.087,0.051,0.042,0.038,0.152,0.052,0.147,0.041,0.061,0.074,0.12,0.115,0.167,0.101,0.037,0.088,0.032,0.052,0.078,0.067,0.055,0.11,0.036,0.081,0.066,0.056,0.162,0.057,0.066,
2.9,0.038,0.079,0.12,0.072,0.18,0.126,0.075,0.093,0.065,0.064,0.031,0.044,0.106,0.041,0.097,0.05,0.084,0.082,0.153,0.051,0.103,0.101,0.032,0.064,0.033,0.174,0.071,0.056,0.044,0.038,0.103,0.063,0.048,0.1,0.198,0.11,0.064,0.046,0.025,0.13,0.026,0.114,0.071,0.084,0.131,0.025,0.055,0.049,0.196,0.093,0.104,0.065,0.116,0.06,0.114,0.077,0.053,0.075,0.148,0.05,0.066,0.09,0.036,0.087,0.07,0.104,0.031,0.081,0.053,0.107,0.025,0.056,0.195,0.059,0.082,0.06,0.091,0.076,0.045,0.031,0.101,0.035,0.123,0.053,0.2,0.039,0.08,0.046,0.034,0.072,0.227,0.145,0.136,0.141,0.119,0.138,0.033,0.17,0.071,0.112,
2.95,0.073,0.045,0.125,0.086,0.11,0.062,0.042,0.061,0.097,0.146,0.041,0.148,0.065,0.3,0.041,0.033,0.117,0.03,0.062,0.076,0.034,0.139,0.061,0.098,0.095,0.104,0.129,0.051,0.096,0.05,0.104,0.042,0.117,0.062,0.067,0.077,0.03,0.071,0.039,0.06,0.082,0.084,0.252,0.095,0.085,0.109,0.211,0.026,0.079,0.215,0.033,0.061,0.06,0.098,0.056,0.034,0.076,0.023,0.044,0.08,0.171,0.078,0.121,0.125,0.15,0.11,0.042,0.063,0.269,0.064,0.054,0.084,0.147,0.048,0.166,0.043,0.087,0.065,0.031,0.033,0.03,0.038,0.099,0.082,0.037,0.114,0.034,0.06,0.046,0.088,0.036,0.067,0.033,0.042,0.207,0.086,0.065,0.042,0.106,0.044,
3,0.119,0.064,0.097,0.066,0.163,0.111,0.041,0.043,0.094,0.118,0.042,0.056,0.078,0.092,0.068,0.059,0.042,0.036,0.031,0.055,0.068,0.03,0.052,0.031,0.095,0.078,0.058,0.217,0.059,0.074,0.059,0.114,0.034,0.09,0.076,0.055,0.131,0.049,0.102,0.058,0.109,0.108,0.033,0.085,0.067,0.219,0.045,0.064,0.071,0.096,0.155,0.075,0.081,0.028,0.055,0.077,0.075,0.05,0.071,0.244,0.037,0.068,0.042,0.03,0.079,0.028,0.076,0.05,0.24,0.116,0.071,0.099,0.092,0.069,0.073,0.077,0.035,0.069,0.148,0.114,0.063,0.093,0.061,0.079,0.074,0.12,0.058,0.08,0.058,0.07,0.187,0.354,0.125,0.088,0.061,0.048,0.037,0.199,0.168,0.065,
3.05,0.094,0.162,0.058,0.068,0.125,0.064,0.163,0.119,0.092,0.123,0.19,0.13,0.076,0.07,0.038,0.062,0.093,0.067,0.056,0.101,0.054,0.169,0.04,0.18,0.069,0.157,0.054,0.189,0.078,0.095,0.136,0.05,0.076,0.146,0.052,0.026,0.065,0.14,0.043,0.051,0.033,0.114,0.115,0.126,0.132,0.037,0.081,0.03,0.1,0.066,0.089,0.097,0.128,0.034,0.091,0.059,0.095,0.121,0.07,0.063,0.026,0.108,0.045,0.085,0.098,0.027,0.113,0.084,0.099,0.107,0.22,0.084,0.126,0.069,0.077,0.092,0.023,0.101,0.088,0.07,0.12,0.105,0.025,0.041,0.145,0.046,0.131,0.028,0.12,0.071,0.066,0.087,0.089,0.071,0.07,0.095,0.081,0.05,0.033,0.126,
3.1,0.037,0.038,0.038,0.073,0.074,0.027,0.06,0.115,0.08,0.057,0.037,0.041,0.036,0.074,0.055,0.047,0.127,0.05,0.159,0.116,0.034,0.059,0.081,0.153,0.039,0.036,0.164,0.076,0.346,0.11,0.16,0.142,0.072,0.173,0.054,0.102,0.176,0.05,0.171,0.053,0.132,0.086,0.078,0.058,0.138,0.104,0.027,0.101,0.106,0.059,0.059,0.067,0.072,0.106,0.204,0.023,0.074,0.096,0.07,0.154,0.087,0.111,0.082,0.166,0.061,0.058,0.086,0.051,0.256,0.092,0.04,0.025,0.094,0.065,0.098,0.111,0.124,0.054,0.032,0.142,0.152,0.037,0.025,0.176,0.093,0.14,0.074,0.114,0.067,0.191,0.121,0.085,0.126,0.059,0.087,0.027,0.136,0.038,0.085,0.084,
3.15,0.046,0.113,0.034,0.064,0.104,0.059,0.087,0.05,0.078,0.063,0.112,0.049,0.08,0.166,0.047,0.068,0.052,0.122,0.175,0.036,0.086,0.17,0.042,0.064,0.044,0.065,0.059,0.056,0.058,0.103,0.059,0.066,0.074,0.195,0.066,0.044,0.119,0.128,0.037,0.076,0.144,0.099,0.085,0.125,0.107,0.111,0.183,0.064,0.165,0.139,0.091,0.063,0.114,0.05,0.036,0.031,0.024,0.061,0.048,0.314,0.044,0.094,0.141,0.095,0.106,0.061,0.024,0.109,0.114,0.059,0.064,0.051,0.172,0.175,0.1,0.119,0.169,0.1,0.093,0.075,0.081,0.067,0.12,0.044,0.059,0.119,0.1,0.022,0.114,0.025,0.077,0.104,0.053,0.084,0.077,0.09,0.055,0.079,0.098,0.051,
3.2,0.054,0.059,0.12,0.023,0.091,0.029,0.048,0.049,0.154,0.118,0.107,0.118,0.082,0.081,0.03,0.064,0.048,0.112,0.051,0.035,0.135,0.116,0.069,0.033,0.061,0.059,0.055,0.196,0.078,0.04,0.052,0.112,0.047,0.055,0.126,0.174,0.099,0.074,0.038,0.106,0.063,0.137,0.099,0.059,0.106,0.111,0.039,0.257,0.119,0.157,0.122,0.13,0.071,0.064,0.112,0.092,0.089,0.039,0.162,0.039,0.064,0.027,0.057,0.075,0.036,0.027,0.081,0.056,0.07,0.035,0.166,0.038,0.048,0.037,0.082,0.056,0.043,0.056,0.155,0.079,0.04,0.125,0.057,0.156,0.073,0.107,0.031,0.055,0.114,0.041,0.063,0.139,0.142,0.054,0.043,0.117,0.063,0.278,0.09,0.159,
3.25,0.057,0.143,0.062,0.119,0.036,0.046,0.036,0.033,0.073,0.065,0.077,0.084,0.079,0.044,0.114,0.103,0.027,0.031,0.138,0.127,0.027,0.05,0.054,0.047,0.097,0.049,0.027,0.074,0.152,0.078,0.129,0.081,0.111,0.115,0.105,0.055,0.083,0.074,0.188,0.17,0.043,0.042,0.033,0.096,0.07,0.045,0.136,0.091,0.097,0.054,0.061,0.085,0.037,0.12,0.069,0.068,0.249,0.077,0.199,0.042,0.132,0.033,0.103,0.173,0.085,0.106,0.099,0.125,0.047,0.065,0.126,0.043,0.165,0.074,0.039,0.089,0.032,0.05,0.151,0.026,0.091,0.064,0.145,0.111,0.029,0.038,0.069,0.151,0.102,0.078,0.04,0.099,0.093,0.208,0.169,0.102,0.106,0.03,0.024,0.136,
3.3,0.075,0.153,0.198,0.087,0.057,0.124,0.038,0.033,0.026,0.086,0.066,0.147,0.065,0.078,0.035,0.06,0.044,0.035,0.114,0.07,0.177,0.123,0.142,0.173,0.135,0.101,0.114,0.189,0.163,0.044,0.089,0.023,0.121,0.132,0.169,0.094,0.025,0.109,0.15,0.025,0.041,0.063,0.037,0.124,0.152,0.115,0.074,0.117,0.035,0.089,0.139,0.057,0.093,0.083,0.097,0.078,0.121,0.093,0.066,0.154,0.048,0.144,0.129,0.038,0.213,0.071,0.047,0.074,0.039,0.223,0.22,0.041,0.058,0.064,0.063,0.025,0.147,0.094,0.078,0.063,0.094,0.123,0.204,0.186,0.072,0.191,0.034,0.044,0.035,0.059,0.052,0.025,0.092,0.171,0.132,0.089,0.139,0.051,0.031,0.109,
3.35,0.062,0.079,0.179,0.031,0.038,0.275,0.091,0.06,0.107,0.062,0.129,0.068,0.05,0.047,0.085,0.058,0.041,0.086,0.045,0.066,0.049,0.097,0.08,0.127,0.098,0.053,0.079,0.039,0.042,0.131,0.075,0.029,0.135,0.148,0.354,0.128,0.077,0.07,0.144,0.055,0.055,0.105,0.071,0.044,0.125,0.053,0.085,0.186,0.041,0.155,0.086,0.063,0.044,0.127,0.026,0.042,0.156,0.052,0.13,0.077,0.044,0.057,0.102,0.087,0.063,0.061,0.184,0.03,0.112,0.176,0.04,0.069,0.139,0.117,0.049,0.197,0.109,0.045,0.027,0.074,0.038,0.045,0.099,0.233,0.032,0.029,0.151,0.074,0.066,0.146,0.06,0.272,0.066,0.047,0.151,0.055,0.048,0.145,0.032,0.104,
3.4,0.105,0.071,0.045,0.195,0.028,0.124,0.043,0.148,0.048,0.136,0.114,0.068,0.085,0.061,0.118,0.116,0.088,0.084,0.139,0.039,0.035,0.088,0.044,0.096,0.124,0.06,0.046,0.049,0.039,0.069,0.273,0.096,0.146,0.1,0.084,0.065,0.03,0.109,0.034,0.087,0.083,0.152,0.076,0.137,0.054,0.055,0.033,0.046,0.064,0.055,0.19,0.098,0.074,0.128,0.107,0.104,0.096,0.175,0.105,0.055,0.077,0.068,0.047,0.073,0.181,0.037,0.104,0.033,0.067,0.097,0.121,0.03,0.092,0.115,0.075,0.064,0.05,0.075,0.042,0.056,0.107,0.05,0.044,0.142,0.102,0.074,0.076,0.061,0.073,0.15,0.118,0.239,0.073,0.048,0.092,0.055,0.177,0.093,0.046,0.054,
3.45,0.151,0.115,0.208,0.099,0.062,0.149,0.059,0.082,0.038,0.095,0.086,0.061,0.052,0.11,0.037,0.135,0.136,0.05,0.057,0.08,0.058,0.039,0.071,0.107,0.14,0.173,0.039,0.057,0.049,0.201,0.15,0.08,0.119,0.167,0.074,0.085,0.092,0.131,0.03,0.034,0.053,0.074,0.052,0.073,0.045,0.14,0.067,0.177,0.103,0.032,0.036,0.222,0.048,0.086,0.038,0.06,0.063,0.036,0.08,0.122,0.081,0.041,0.049,0.236,0.055,0.052,0.098,0.075,0.116,0.097,0.075,0.078,0.05,0.031,0.158,0.185,0.033,0.142,0.067,0.204,0.198,0.075,0.061,0.036,0.177,0.093,0.044,0.067,0.066,0.096,0.065,0.183,0.022,0.174,0.148,0.051,0.051,0.073,0.099,0.047,
3.5,0.09,0.028,0.078,0.084,0.031,0.069,0.082,0.133,0.104,0.044,0.028,0.089,0.031,0.113,0.072,0.104,0.034,0.173,0.076,0.125,0.086,0.073,0.086,0.123,0.102,0.136,0.058,0.157,0.058,0.103,0.067,0.033,0.128,0.041,0.071,0.093,0.1,0.082,0.186,0.104,0.04,0.101,0.052,0.08,0.156,0.089,0.124,0.028,0.124,0.068,0.07,0.079,0.1,0.062,0.038,0.138,0.213,0.118,0.241,0.133,0.146,0.123,0.066,0.094,0.083,0.081,0.031,0.098,0.057,0.081,0.083,0.158,0.151,0.19,0.092,0.062,0.079,0.107,0.031,0.141,0.119,0.187,0.061,0.069,0.136,0.096,0.075,0.093,0.041,0.029,0.072,0.073,0.042,0.076,0.198,0.186,0.055,0.119,0.086,0.128,
3.55,0.087,0.204,0.152,0.103,0.161,0.062,0.153,0.05,0.069,0.043,0.052,0.068,0.132,0.066,0.058,0.215,0.106,0.204,0.068,0.182,0.077,0.12,0.066,0.262,0.18,0.069,0.1,0.077,0.212,0.108,0.133,0.037,0.094,0.061,0.053,0.052,0.169,0.136,0.036,0.064,0.031,0.127,0.053,0.027,0.034,0.027,0.032,0.162,0.357,0.173,0.055,0.049,0.03,0.089,0.106,0.077,0.321,0.063,0.089,0.078,0.049,0.071,0.077,0.115,0.027,0.056,0.231,0.03,0.077,0.047,0.09,0.063,0.061,0.092,0.045,0.035,0.051,0.11,0.119,0.067,0.038,0.058,0.034,0.096,0.054,0.105,0.156,0.038,0.079,0.046,0.097,0.13,0.112,0.033,0.169,0.142,0.083,0.081,0.087,0.032,
3.6,0.052,0.106,0.066,0.032,0.099,0.09,0.152,0.025,0.051,0.064,0.119,0.037,0.335,0.232,0.15,0.069,0.037,0.129,0.171,0.046,0.156,0.045,0.146,0.13,0.114,0.082,0.094,0.088,0.055,0.044,0.248,0.187,0.061,0.037,0.083,0.053,0.093,0.099,0.186,0.074,0.137,0.033,0.061,0.07,0.1,0.028,0.094,0.107,0.053,0.166,0.066,0.14,0.063,0.136,0.192,0.096,0.062,0.066,0.053,0.061,0.197,0.106,0.107,0.071,0.124,0.124,0.083,0.095,0.102,0.111,0.093,0.115,0.2,0.085,0.051,0.296,0.103,0.06,0.089,0.058,0.126,0.026,0.031,0.091,0.09,0.078,0.107,0.125,0.056,0.062,0.112,0.068,0.044,0.134,0.066,0.152,0.13,0.061,0.078,0.052,
3.65,0.129,0.198,0.135,0.095,0.097,0.094,0.185,0.039,0.129,0.047,0.095,0.103,0.05,0.068,0.062,0.065,0.035,0.038,0.118,0.053,0.077,0.053,0.16,0.096,0.07,0.125,0.145,0.161,0.103,0.284,0.085,0.07,0.087,0.047,0.12,0.112,0.137,0.023,0.094,0.08,0.038,0.17,0.08,0.03,0.077,0.038,0.045,0.066,0.101,0.106,0.049,0.091,0.055,0.025,0.257,0.031,0.104,0.085,0.134,0.043,0.05,0.056,0.087,0.061,0.049,0.22,0.205,0.057,0.175,0.029,0.042,0.071,0.08,0.231,0.088,0.073,0.071,0.062,0.064,0.156,0.241,0.031,0.069,0.086,0.117,0.113,0.086,0.074,0.203,0.107,0.146,0.11,0.068,0.195,0.085,0.145,0.04,0.076,0.117,0.079,
3.7,0.049,0.038,0.095,0.082,0.092,0.048,0.036,0.089,0.043,0.04,0.157,0.026,0.134,0.103,0.065,0.056,0.05,0.177,0.229,0.088,0.097,0.033,0.107,0.074,0.055,0.034,0.125,0.112,0.099,0.092,0.104,0.1,0.104,0.055,0.052,0.053,0.074,0.139,0.062,0.117,0.132,0.068,0.172,0.16,0.029,0.105,0.17,0.121,0.061,0.055,0.039,0.156,0.089,0.035,0.231,0.113,0.051,0.528,0.052,0.15,0.047,0.09,0.067,0.037,0.063,0.054,0.116,0.048,0.096,0.091,0.185,0.146,0.095,0.072,0.164,0.097,0.141,0.093,0.103,0.206,0.045,0.08,0.246,0.038,0.102,0.141,0.082,0.086,0.081,0.175,0.071,0.034,0.059,0.113,0.031,0.136,0.106,0.066,0.132,0.165,
3.75,0.133,0.056,0.158,0.074,0.214,0.097,0.052,0.06,0.045,0.145,0.174,0.131,0.157,0.07,0.101,0.119,0.047,0.044,0.223,0.112,0.061,0.176,0.251,0.049,0.159,0.053,0.117,0.043,0.067,0.077,0.099,0.065,0.053,0.16,0.117,0.083,0.025,0.11,0.072,0.093,0.114,0.071,0.057,0.171,0.23,0.041,0.083,0.058,0.056,0.045,0.18,0.05,0.249,0.108,0.106,0.062,0.227,0.104,0.059,0.073,0.18,0.087,0.147,0.144,0.076,0.065,0.069,0.185,0.09,0.029,0.109,0.045,0.104,0.082,0.039,0.105,0.262,0.075,0.121,0.17,0.138,0.079,0.16,0.117,0.05,0.096,0.049,0.045,0.081,0.033,0.132,0.134,0.067,0.079,0.046,0.051,0.037,0.045,0.165,0.029,
3.8,0.051,0.089,0.073,0.034,0.136,0.059,0.115,0.081,0.238,0.171,0.043,0.197,0.044,0.06,0.028,0.044,0.055,0.141,0.046,0.113,0.114,0.101,0.062,0.05,0.056,0.096,0.126,0.134,0.07,0.05,0.054,0.141,0.094,0.16,0.181,0.194,0.083,0.185,0.039,0.044,0.113,0.185,0.11,0.136,0.135,0.066,0.105,0.119,0.081,0.099,0.057,0.178,0.143,0.061,0.031,0.082,0.236,0.072,0.072,0.153,0.065,0.122,0.128,0.103,0.043,0.077,0.062,0.123,0.128,0.115,0.051,0.052,0.174,0.134,0.164,0.105,0.043,0.12,0.149,0.165,0.125,0.037,0.106,0.079,0.083,0.107,0.07,0.122,0.181,0.068,0.039,0.083,0.072,0.087,0.056,0.079,0.119,0.172,0.062,0.059,
3.85,0.143,0.05,0.154,0.131,0.055,0.211,0.132,0.053,0.139,0.075,0.042,0.188,0.119,0.125,0.041,0.168,0.071,0.078,0.114,0.049,0.16,0.116,0.168,0.108,0.057,0.089,0.098,0.23,0.096,0.164,0.091,0.078,0.058,0.104,0.107,0.028,0.099,0.03,0.051,0.293,0.025,0.227,0.106,0.047,0.111,0.022,0.064,0.184,0.106,0.101,0.191,0.066,0.063,0.052,0.17,0.095,0.094,0.093,0.048,0.057,0.118,0.069,0.059,0.09,0.039,0.136,0.062,0.03,0.041,0.126,0.162,0.118,0.085,0.142,0.085,0.039,0.092,0.197,0.064,0.075,0.122,0.086,0.042,0.234,0.044,0.065,0.058,0.033,0.178,0.057,0.065,0.056,0.095,0.07,0.097,0.205,0.084,0.168,0.057,0.142,
3.9,0.042,0.095,0.169,0.111,0.223,0.244,0.064,0.037,0.074,0.087,0.064,0.239,0.076,0.076,0.034,0.139,0.068,0.056,0.095,0.127,0.122,0.076,0.077,0.249,0.036,0.042,0.141,0.055,0.054,0.082,0.064,0.169,0.053,0.262,0.119,0.084,0.227,0.034,0.131,0.09,0.064,0.056,0.111,0.071,0.119,0.117,0.169,0.054,0.054,0.052,0.038,0.112,0.097,0.086,0.194,0.115,0.077,0.068,0.026,0.028,0.168,0.075,0.038,0.11,0.121,0.114,0.112,0.183,0.028,0.079,0.045,0.193,0.094,0.273,0.04,0.059,0.046,0.067,0.074,0.133,0.066,0.112,0.09,0.07,0.059,0.064,0.126,0.029,0.268,0.076,0.115,0.206,0.116,0.128,0.097,0.069,0.091,0.085,0.094,0.046,
3.95,0.061,0.154,0.142,0.116,0.146,0.038,0.094,0.065,0.133,0.102,0.076,0.166,0.111,0.121,0.055,0.092,0.152,0.054,0.129,0.142,0.043,0.05,0.141,0.044,0.082,0.17,0.103,0.11,0.064,0.14,0.058,0.053,0.162,0.033,0.33,0.03,0.171,0.102,0.063,0.065,0.056,0.078,0.124,0.313,0.06,0.127,0.168,0.05,0.111,0.091,0.051,0.321,0.029,0.04,0.194,0.07,0.079,0.19,0.034,0.174,0.134,0.115,0.143,0.145,0.135,0.082,0.054,0.055,0.12,0.172,0.134,0.132,0.209,0.073,0.052,0.117,0.074,0.121,0.084,0.052,0.13,0.093,0.094,0.052,0.066,0.115,0.162,0.126,0.101,0.041,0.206,0.092,0.112,0.11,0.098,0.103,0.225,0.045,0.109,0.141,
4,0.027,0.052,0.047,0.113,0.062,0.183,0.245,0.272,0.121,0.058,0.085,0.249,0.119,0.123,0.073,0.165,0.101,0.282,0.157,0.031,0.033,0.181,0.104,0.04,0.154,0.074,0.114,0.058,0.031,0.027,0.034,0.116,0.148,0.029,0.043,0.283,0.244,0.179,0.14,0.068,0.217,0.092,0.072,0.034,0.113,0.1,0.118,0.09,0.073,0.036,0.058,0.072,0.198,0.136,0.076,0.095,0.149,0.114,0.081,0.142,0.294,0.057,0.132,0.077,0.03,0.069,0.105,0.057,0.158,0.165,0.061,0.107,0.076,0.081,0.099,0.048,0.262,0.208,0.027,0.086,0.101,0.079,0.052,0.05,0.061,0.169,0.104,0.255,0.102,0.121,0.218,0.101,0.073,0.235,0.073,0.095,0.103,0.108,0.062,0.066,
4.05,0.111,0.073,0.172,0.11,0.094,0.239,0.219,0.045,0.144,0.189,0.049,0.06,0.063,0.082,0.066,0.049,0.071,0.157,0.13,0.216,0.061,0.193,0.155,0.169,0.193,0.218,0.089,0.035,0.057,0.155,0.029,0.105,0.11,0.083,0.069,0.041,0.146,0.07,0.205,0.115,0.183,0.199,0.061,0.36,0.1,0.103,0.099,0.113,0.045,0.206,0.185,0.105,0.15,0.148,0.114,0.097,0.172,0.149,0.128,0.051,0.092,0.041,0.069,0.05,0.165,0.032,0.026,0.201,0.114,0.025,0.216,0.224,0.12,0.06,0.234,0.063,0.029,0.041,0.191,0.19,0.086,0.029,0.035,0.05,0.078,0.11,0.047,0.085,0.117,0.096,0.162,0.256,0.21,0.048,0.051,0.063,0.093,0.113,0.185,0.123,
4.1,0.1,0.157,0.077,0.078,0.191,0.096,0.091,0.052,0.166,0.072,0.119,0.176,0.182,0.154,0.178,0.074,0.074,0.099,0.038,0.096,0.095,0.091,0.04,0.166,0.273,0.257,0.145,0.14,0.032,0.099,0.135,0.184,0.243,0.102,0.048,0.109,0.084,0.052,0.044,0.105,0.198,0.172,0.074,0.049,0.192,0.159,0.173,0.081,0.084,0.309,0.103,0.079,0.059,0.111,0.035,0.136,0.056,0.064,0.115,0.112,0.064,0.072,0.069,0.116,0.096,0.07,0.206,0.139,0.113,0.087,0.054,0.094,0.066,0.085,0.09,0.071,0.082,0.063,0.087,0.171,0.204,0.078,0.101,0.053,0.312,0.221,0.031,0.093,0.08,0.178,0.028,0.086,0.057,0.038,0.184,0.047,0.085,0.061,0.069,0.164,
4.15,0.049,0.053,0.32,0.074,0.148,0.19,0.17,0.037,0.089,0.052,0.329,0.11,0.072,0.147,0.114,0.041,0.092,0.081,0.051,0.182,0.256,0.063,0.145,0.205,0.059,0.199,0.065,0.049,0.053,0.043,0.046,0.093,0.081,0.15,0.064,0.127,0.083,0.129,0.102,0.122,0.452,0.167,0.089,0.042,0.09,0.15,0.1,0.213,0.113,0.081,0.184,0.096,0.116,0.072,0.098,0.06,0.096,0.087,0.204,0.09,0.132,0.124,0.068,0.147,0.312,0.06,0.09,0.078,0.039,0.116,0.084,0.279,0.094,0.098,0.095,0.07,0.042,0.17,0.065,0.167,0.182,0.16,0.103,0.041,0.049,0.161,0.07,0.093,0.051,0.065,0.15,0.16,0.127,0.061,0.099,0.022,0.11,0.162,0.054,0.076,
4.2,0.155,0.039,0.144,0.044,0.062,0.051,0.129,0.235,0.093,0.121,0.08,0.117,0.039,0.144,0.039,0.193,0.138,0.125,0.08,0.05,0.173,0.183,0.053,0.155,0.063,0.039,0.034,0.13,0.054,0.054,0.089,0.224,0.035,0.277,0.075,0.084,0.096,0.073,0.096,0.24,0.084,0.084,0.131,0.105,0.111,0.104,0.035,0.198,0.118,0.057,0.258,0.029,0.027,0.105,0.041,0.037,0.195,0.03,0.051,0.04,0.042,0.077,0.15,0.063,0.072,0.186,0.127,0.028,0.251,0.181,0.046,0.17,0.089,0.056,0.099,0.305,0.151,0.128,0.331,0.085,0.07,0.206,0.044,0.163,0.047,0.039,0.074,0.1,0.035,0.027,0.048,0.074,0.153,0.093,0.186,0.079,0.048,0.172,0.082,0.132,
4.25,0.071,0.08,0.133,0.196,0.039,0.049,0.058,0.292,0.137,0.226,0.063,0.054,0.101,0.223,0.083,0.108,0.103,0.12,0.057,0.268,0.103,0.19,0.099,0.105,0.081,0.092,0.108,0.114,0.134,0.122,0.16,0.205,0.106,0.029,0.062,0.039,0.11,0.107,0.055,0.144,0.085,0.047,0.14,0.248,0.041,0.062,0.048,0.236,0.1,0.043,0.084,0.155,0.11,0.048,0.137,0.069,0.251,0.1,0.182,0.146,0.052,0.152,0.076,0.036,0.069,0.257,0.059,0.041,0.053,0.099,0.048,0.073,0.081,0.039,0.105,0.133,0.218,0.162,0.145,0.037,0.085,0.048,0.082,0.087,0.174,0.133,0.065,0.031,0.09,0.199,0.066,0.086,0.108,0.062,0.088,0.165,0.145,0.136,0.036,0.21,
4.3,0.179,0.129,0.106,0.077,0.041,0.081,0.062,0.041,0.06,0.069,0.048,0.098,0.154,0.083,0.071,0.037,0.133,0.075,0.069,0.085,0.044,0.109,0.153,0.102,0.128,0.081,0.031,0.078,0.132,0.133,0.137,0.072,0.068,0.047,0.055,0.142,0.261,0.124,0.12,0.164,0.184,0.112,0.049,0.103,0.063,0.277,0.144,0.076,0.038,0.137,0.131,0.113,0.047,0.073,0.07,0.429,0.034,0.187,0.129,0.044,0.093,0.128,0.201,0.153,0.314,0.273,0.121,0.288,0.16,0.064,0.059,0.031,0.183,0.119,0.087,0.132,0.163,0.026,0.194,0.159,0.203,0.111,0.154,0.032,0.035,0.169,0.172,0.211,0.077,0.211,0.045,0.143,0.079,0.075,0.076,0.04,0.088,0.106,0.082,0.124,
4.35,0.179,0.075,0.188,0.148,0.134,0.072,0.113,0.134,0.088,0.066,0.135,0.37,0.08,0.138,0.07,0.09,0.109,0.203,0.109,0.141,0.166,0.201,0.306,0.123,0.083,0.041,0.041,0.086,0.093,0.028,0.11,0.095,0.149,0.064,0.048,0.096,0.048,0.095,0.093,0.084,0.051,0.064,0.123,0.111,0.115,0.149,0.163,0.239,0.173,0.226,0.264,0.095,0.102,0.053,0.039,0.031,0.215,0.041,0.053,0.061,0.077,0.094,0.217,0.029,0.095,0.303,0.123,0.29,0.079,0.149,0.214,0.025,0.064,0.077,0.208,0.166,0.09,0.029,0.083,0.058,0.118,0.04,0.127,0.212,0.104,0.093,0.159,0.115,0.057,0.055,0.044,0.126,0.054,0.121,0.068,0.195,0.136,0.228,0.181,0.258,
4.4,0.084,0.056,0.277,0.217,0.258,0.081,0.11,0.116,0.159,0.133,0.148,0.124,0.045,0.081,0.121,0.057,0.152,0.108,0.038,0.388,0.105,0.074,0.098,0.094,0.045,0.063,0.077,0.206,0.076,0.084,0.083,0.234,0.074,0.128,0.242,0.095,0.142,0.104,0.088,0.104,0.102,0.028,0.075,0.031,0.083,0.059,0.054,0.174,0.126,0.302,0.074,0.162,0.163,0.24,0.082,0.058,0.088,0.039,0.066,0.134,0.077,0.244,0.052,0.125,0.078,0.081,0.079,0.154,0.236,0.067,0.042,0.145,0.075,0.154,0.141,0.097,0.169,0.058,0.13,0.168,0.201,0.036,0.168,0.052,0.103,0.157,0.07,0.061,0.097,0.048,0.055,0.04,0.135,0.057,0.091,0.156,0.048,0.204,0.2,0.053,
4.45,0.089,0.195,0.167,0.349,0.203,0.18,0.163,0.055,0.111,0.039,0.118,0.187,0.238,0.154,0.089,0.28,0.161,0.222,0.103,0.08,0.114,0.153,0.102,0.058,0.027,0.069,0.081,0.091,0.147,0.246,0.135,0.266,0.091,0.069,0.316,0.117,0.141,0.07,0.098,0.114,0.037,0.025,0.159,0.067,0.114,0.138,0.025,0.083,0.047,0.042,0.189,0.052,0.052,0.164,0.122,0.169,0.124,0.031,0.027,0.069,0.091,0.117,0.128,0.158,0.12,0.037,0.13,0.275,0.182,0.115,0.175,0.099,0.087,0.09,0.027,0.054,0.085,0.137,0.221,0.115,0.068,0.536,0.124,0.087,0.121,0.233,0.085,0.11,0.075,0.042,0.064,0.127,0.034,0.198,0.26,0.155,0.177,0.05,0.222,0.073,
4.5,0.22,0.059,0.322,0.063,0.024,0.063,0.103,0.08,0.065,0.171,0.18,0.086,0.036,0.076,0.161,0.075,0.059,0.273,0.114,0.128,0.074,0.063,0.118,0.061,0.092,0.116,0.048,0.094,0.108,0.14,0.102,0.495,0.063,0.159,0.224,0.084,0.111,0.174,0.115,0.065,0.099,0.239,0.131,0.154,0.099,0.052,0.102,0.141,0.071,0.099,0.025,0.165,0.095,0.052,0.096,0.093,0.115,0.089,0.053,0.131,0.093,0.11,0.118,0.062,0.086,0.106,0.095,0.157,0.077,0.139,0.276,0.041,0.203,0.103,0.143,0.052,0.06,0.087,0.121,0.121,0.138,0.158,0.052,0.199,0.125,0.089,0.126,0.101,0.198,0.181,0.025,0.125,0.066,0.116,0.125,0.226,0.074,0.079,0.198,0.076,
4.55,0.133,0.169,0.215,0.192,0.14,0.216,0.087,0.159,0.129,0.04,0.333,0.027,0.045,0.084,0.124,0.075,0.031,0.031,0.035,0.116,0.115,0.204,0.064,0.161,0.054,0.166,0.124,0.104,0.149,0.227,0.068,0.102,0.161,0.037,0.088,0.213,0.078,0.145,0.139,0.15,0.113,0.036,0.103,0.266,0.08,0.056,0.027,0.047,0.032,0.073,0.109,0.326,0.135,0.238,0.136,0.075,0.202,0.308,0.158,0.123,0.188,0.13,0.206,0.065,0.254,0.046,0.056,0.039,0.043,0.126,0.085,0.441,0.095,0.137,0.092,0.041,0.083,0.048,0.113,0.092,0.138,0.078,0.149,0.217,0.226,0.039,0.039,0.063,0.046,0.13,0.092,0.144,0.069,0.072,0.242,0.084,0.08,0.162,0.073,0.101,
4.6,0.113,0.092,0.057,0.145,0.084,0.056,0.254,0.14,0.213,0.05,0.072,0.122,0.06,0.13,0.175,0.111,0.264,0.095,0.097,0.065,0.214,0.266,0.376,0.288,0.097,0.181,0.068,0.099,0.327,0.117,0.221,0.091,0.155,0.066,0.05,0.122,0.044,0.135,0.078,0.063,0.155,0.056,0.198,0.199,0.182,0.052,0.091,0.033,0.164,0.046,0.155,0.04,0.095,0.178,0.213,0.291,0.09,0.238,0.088,0.054,0.214,0.127,0.257,0.282,0.098,0.05,0.155,0.132,0.101,0.053,0.105,0.061,0.122,0.102,0.073,0.103,0.094,0.087,0.052,0.04,0.305,0.121,0.096,0.139,0.224,0.057,0.164,0.085,0.124,0.067,0.05,0.085,0.095,0.087,0.027,0.131,0.13,0.049,0.114,0.247,
4.65,0.132,0.071,0.143,0.069,0.111,0.105,0.067,0.038,0.028,0.214,0.048,0.389,0.047,0.1,0.059,0.04,0.321,0.141,0.091,0.045,0.106,0.062,0.062,0.067,0.064,0.087,0.068,0.107,0.111,0.097,0.078,0.234,0.051,0.139,0.198,0.232,0.048,0.051,0.038,0.067,0.131,0.029,0.289,0.149,0.159,0.061,0.441,0.12,0.066,0.07,0.223,0.159,0.197,0.034,0.17,0.127,0.046,0.044,0.155,0.123,0.098,0.137,0.184,0.162,0.08,0.215,0.057,0.151,0.107,0.238,0.107,0.52,0.256,0.226,0.063,0.089,0.146,0.096,0.243,0.049,0.056,0.11,0.072,0.103,0.307,0.038,0.037,0.07,0.106,0.097,0.092,0.16,0.055,0.096,0.139,0.051,0.088,0.068,0.052,0.251,
4.7,0.151,0.112,0.573,0.056,0.062,0.115,0.13,0.08,0.06,0.121,0.28,0.113,0.056,0.127,0.212,0.035,0.125,0.276,0.086,0.242,0.067,0.048,0.28,0.075,0.048,0.032,0.081,0.11,0.168,0.109,0.085,0.101,0.061,0.046,0.032,0.139,0.036,0.071,0.1,0.275,0.112,0.025,0.134,0.296,0.211,0.053,0.289,0.074,0.106,0.099,0.214,0.094,0.046,0.035,0.243,0.232,0.189,0.192,0.102,0.141,0.302,0.036,0.125,0.117,0.108,0.031,0.066,0.083,0.043,0.062,0.124,0.138,0.069,0.156,0.057,0.157,0.092,0.102,0.3,0.307,0.165,0.08,0.092,0.076,0.141,0.092,0.041,0.207,0.127,0.126,0.056,0.262,0.054,0.093,0.101,0.218,0.097,0.225,0.24,0.101,
4.75,0.192,0.106,0.158,0.033,0.122,0.075,0.093,0.079,0.105,0.195,0.096,0.178,0.035,0.115,0.072,0.077,0.147,0.055,0.052,0.047,0.075,0.096,0.144,0.208,0.101,0.113,0.144,0.088,0.106,0.052,0.096,0.047,0.249,0.087,0.038,0.064,0.139,0.086,0.062,0.074,0.117,0.062,0.166,0.1,0.149,0.09,0.079,0.057,0.049,0.367,0.036,0.046,0.033,0.128,0.241,0.072,0.269,0.223,0.123,0.046,0.235,0.063,0.05,0.219,0.267,0.123,0.098,0.138,0.234,0.11,0.234,0.075,0.086,0.092,0.128,0.107,0.112,0.142,0.176,0.571,0.054,0.13,0.231,0.045,0.349,0.247,0.151,0.08,0.119,0.081,0.101,0.045,0.145,0.089,0.175,0.353,0.223,0.129,0.089,0.176,
4.8,0.134,0.227,0.216,0.39,0.164,0.106,0.286,0.172,0.102,0.226,0.162,0.123,0.088,0.068,0.09,0.043,0.141,0.062,0.125,0.193,0.067,0.06,0.165,0.114,0.187,0.225,0.256,0.179,0.141,0.096,0.026,0.128,0.058,0.127,0.252,0.1,0.08,0.063,0.084,0.037,0.218,0.093,0.118,0.155,0.111,0.055,0.082,0.077,0.181,0.167,0.112,0.036,0.277,0.224,0.085,0.053,0.123,0.036,0.055,0.186,0.143,0.035,0.096,0.071,0.242,0.034,0.144,0.263,0.074,0.136,0.15,0.07,0.383,0.071,0.056,0.059,0.272,0.108,0.138,0.154,0.077,0.352,0.153,0.231,0.034,0.055,0.32,0.192,0.067,0.114,0.088,0.047,0.07,0.119,0.058,0.159,0.056,0.127,0.266,0.127,
4.85,0.093,0.134,0.165,0.294,0.168,0.148,0.04,0.137,0.153,0.064,0.081,0.099,0.145,0.176,0.101,0.155,0.09,0.105,0.291,0.065,0.236,0.132,0.061,0.305,0.197,0.081,0.101,0.109,0.301,0.096,0.134,0.151,0.129,0.111,0.121,0.195,0.089,0.104,0.03,0.113,0.296,0.127,0.107,0.096,0.101,0.098,0.086,0.07,0.132,0.101,0.118,0.031,0.158,0.18,0.133,0.138,0.071,0.195,0.122,0.038,0.072,0.071,0.026,0.214,0.104,0.114,0.239,0.028,0.211,0.084,0.058,0.142,0.183,0.217,0.049,0.199,0.078,0.135,0.043,0.046,0.088,0.097,0.042,0.082,0.095,0.075,0.141,0.076,0.073,0.178,0.123,0.199,0.101,0.08,0.17,0.198,0.064,0.087,0.097,0.203,
4.9,0.057,0.037,0.075,0.125,0.206,0.044,0.317,0.076,0.25,0.134,0.053,0.137,0.295,0.271,0.17,0.077,0.133,0.1,0.122,0.045,0.135,0.335,0.086,0.054,0.111,0.207,0.154,0.486,0.056,0.119,0.306,0.229,0.275,0.109,0.029,0.134,0.098,0.087,0.057,0.069,0.035,0.091,0.112,0.141,0.132,0.046,0.092,0.189,0.054,0.177,0.045,0.029,0.187,0.136,0.051,0.271,0.081,0.168,0.115,0.063,0.224,0.623,0.033,0.196,0.138,0.078,0.247,0.038,0.079,0.078,0.067,0.258,0.405,0.058,0.057,0.032,0.291,0.121,0.158,0.27,0.283,0.17,0.358,0.05,0.149,0.18,0.433,0.289,0.218,0.213,0.088,0.099,0.112,0.133,0.437,0.122,0.058,0.027,0.05,0.111,
4.95,0.043,0.078,0.137,0.23,0.078,0.056,0.459,0.07,0.076,0.141,0.103,0.048,0.175,0.082,0.05,0.078,0.044,0.074,0.05,0.054,0.03,0.152,0.057,0.342,0.183,0.064,0.179,0.157,0.139,0.194,0.047,0.116,0.174,0.051,0.035,0.133,0.158,0.116,0.143,0.09,0.072,0.086,0.047,0.067,0.061,0.038,0.098,0.055,0.037,0.115,0.133,0.24,0.169,0.265,0.051,0.09,0.284,0.151,0.059,0.058,0.043,0.035,0.083,0.17,0.064,0.205,0.04,0.187,0.058,0.203,0.174,0.411,0.199,0.136,0.113,0.113,0.037,0.372,0.202,0.29,0.171,0.189,0.389,0.344,0.091,0.174,0.153,0.175,0.219,0.035,0.03,0.067,0.096,0.127,0.105,0.084,0.032,0.083,0.103,0.258,
5,0.297,0.087,0.102,0.084,0.138,0.213,0.37,0.15,0.215,0.088,0.059,0.088,0.134,0.104,0.098,0.163,0.059,0.135,0.055,0.491,0.109,0.093,0.114,0.222,0.054,0.07,0.071,0.173,0.052,0.078,0.13,0.132,0.051,0.091,0.157,0.127,0.197,0.195,0.101,0.158,0.083,0.156,0.109,0.133,0.132,0.128,0.106,0.052,0.113,0.282,0.059,0.188,0.107,0.163,0.057,0.225,0.082,0.146,0.225,0.033,0.163,0.078,0.138,0.285,0.118,0.108,0.183,0.074,0.105,0.059,0.073,0.138,0.173,0.124,0.173,0.197,0.071,0.256,0.119,0.099,0.069,0.073,0.115,0.109,0.18,0.059,0.1,0.04,0.044,0.11,0.126,0.041,0.168,0.252,0.043,0.351,0.048,0.225,0.07,0.074,
